"","k","m","n","ARL","H"
"159",6,125,20,251.5539,1.9
"207",6,125,10,487.1374,3.6
"179",6,100,20,374.5269,2.25
"14",0,150,20,258.6807,18.8
"195",6,175,25,376.3052,2.8
"170",6,175,25,248.2326,2.1
"50",0,200,25,361.7072,22.25
"118",3,175,15,372.7594,6.4
"43",0,175,15,375.3278,23.9
"222",6,200,10,507.0294,4.15
"218",6,175,15,502.7506,3.7
"153",6,100,15,258.067,1.85
"90",3,150,25,254.1696,5.2
"91",3,175,5,251.6785,6.25
"197",6,200,10,378.0173,3.5
"212",6,150,10,508.2884,3.85
"185",6,125,25,370.7861,2.4
"92",3,175,10,252.38,5.86
"137",3,150,10,491.7321,7.1
"99",3,200,20,258.3697,5.65
"72",0,200,10,510.8973,29.55
"26",0,100,5,379.3062,22.15
"7",0,125,10,244.3207,19.2
"220",6,175,25,492.9862,3.35
"224",6,200,20,508.3409,3.65
"164",6,150,20,249.7626,2.1
"78",3,100,15,247.1009,4.95
"81",3,125,5,247.9093,5.936883117
"217",6,175,10,516.8372,4.05
"103",3,100,15,371.8289,5.7
"117",3,175,10,371.3771,6.7
"76",3,100,5,244.2038,5.7
"143",3,175,15,512.6619,7.1
"32",0,125,10,369.0318,22.4
"109",3,125,20,375.038,5.8
"203",6,100,15,504.3468,3
"201",6,100,5,497.5963,3.9
"169",6,175,20,252.6144,2.25
"74",0,200,20,495.7621,26.35
"23",0,200,15,256.5513,21.6
"155",6,100,25,260.7503,1.5
"53",0,100,15,500.1585,21.5
"135",3,125,25,517.6851,6.2
"184",6,125,20,369.264,2.55
"209",6,125,20,502.2547,3.1
"166",6,175,5,249.0489,2.95
"34",0,125,20,363.2045,19.4
"69",0,175,20,502.0705,25.3
"205",6,100,25,508.2606,2.55
"194",6,175,20,372.7144,2.95
"63",0,150,15,500.3253,25
"141",3,175,5,490.4529,7.9
"97",3,200,10,250.2957,5.95
"210",6,125,25,503.1415,2.95
"214",6,150,20,490.2209,3.25
"38",0,150,15,361.7961,22.5
"21",0,200,5,257.537,22.7
"41",0,175,5,372.3884,26.05
"213",6,150,15,512.0881,3.55
"60",0,125,25,494.3823,20
"16",0,175,5,256.5999,22
"116",3,175,5,379.0577,7.25
"94",3,175,20,260.4725,5.55
"6",0,125,5,245.08,20.05
"86",3,150,5,255.8658,6.15
"161",6,150,5,243.9718,2.8
"39",0,150,20,363.4087,21.2
"215",6,150,25,504.5272,3.15
"219",6,175,20,480.7596,3.45
"223",6,200,15,489.0368,3.8
"4",0,100,20,259.0504,15.85
"13",0,150,15,250.5778,19.85
"178",6,100,15,369.7169,2.45
"127",3,100,10,499.1531,6.55
"52",0,100,10,491.4882,23.1
"22",0,200,10,256.9757,22.35
"89",3,150,20,253.7616,5.3
"25",0,200,25,251.7973,19.55
"35",0,125,25,374.7924,18.25
"112",3,150,10,389.3901,6.6
"30",0,100,25,356.9586,16.2
"140",3,150,25,487.4147,6.42
"121",3,200,5,379.3872,7.35
"110",3,125,25,358.452,5.65
"64",0,150,20,498.727,23.5
"67",0,175,10,501.2782,28.15
"122",3,200,10,365.1196,6.8
"79",3,100,20,254.9263,4.8
"85",3,125,25,269.1939,5.11
"136",3,150,5,499.3493,7.7
"51",0,100,5,511.8717,25
"187",6,150,10,361.0701,3.2
"106",3,125,5,378.5324,6.85
"98",3,200,15,252.7249,5.75
"134",3,125,20,478.9942,6.3
"152",6,100,10,259.9873,2.1
"17",0,175,10,253.0472,21.75
"62",0,150,10,505.192,26.65
"46",0,200,5,365.4051,26.4
"54",0,100,20,514.077,19.9
"147",3,200,10,505.1937,7.5
"104",3,100,20,371.5959,5.5
"142",3,175,10,485.8016,7.3
"115",3,150,25,367.1043,5.87
"163",6,150,15,257.2834,2.25
"138",3,150,15,488.1169,6.75
"24",0,200,20,254.5023,20.55
"113",3,150,15,364.9133,6.2
"87",3,150,10,248.4371,5.75
"107",3,125,10,375.2869,6.35
"190",6,150,25,363.5249,2.6
"93",3,175,15,260.2172,5.697103275
"120",3,175,25,383.9289,6.15
"186",6,150,5,376.3599,3.75
"204",6,100,20,497.9375,2.75
"102",3,100,10,370.648,6.05
"192",6,175,10,378.9309,3.4
"139",3,150,20,459.0589,6.5
"27",0,100,10,361.7243,20.8
"42",0,175,10,367.7481,25.05
"5",0,100,25,244.9637,14.45
"70",0,175,25,514.0222,23.8
"165",6,150,25,252.8461,2
"119",3,175,20,378.6236,6.25
"191",6,175,5,367.212,3.85
"188",6,150,15,373.6465,2.95
"55",0,100,25,502.9016,18.15
"75",0,200,25,513.9257,25.05
"36",0,150,5,376.1572,24.7
"83",3,125,15,248.4407,5.298387097
"149",3,200,20,507.6932,7
"225",6,200,25,505.3973,3.5
"126",3,100,5,505.7828,7.2
"167",6,175,10,259.0518,2.65
"9",0,125,20,257.2853,17.25
"71",0,200,5,498.6264,30
"48",0,200,15,377.871,24.85
"77",3,100,10,255.5022,5.3
"96",3,200,5,256.718,6.42
"56",0,125,5,509.8314,26.2
"193",6,175,15,368.0543,3.1
"68",0,175,15,509.1947,26.6
"1",0,100,5,249.891,19.25
"40",0,150,25,374.3641,19.85
"145",3,175,25,491.5877,6.65
"196",6,200,5,361.6894,3.97
"114",3,150,20,382.6654,6
"132",3,125,10,483.6357,6.85
"95",3,175,25,253.1063,5.421590909
"20",0,175,25,243.5736,18.35
"144",3,175,20,502.2499,6.75
"173",6,200,15,255.9407,2.5
"151",6,100,5,251.562,2.5
"150",3,200,25,490.282,6.8
"49",0,200,20,366.2771,23.3
"133",3,125,15,504.4595,6.55
"59",0,125,20,499.7588,21.7
"11",0,150,5,258.9506,21.4
"206",6,125,5,505.1499,4.15
"8",0,125,15,240.8138,18.25
"130",3,100,25,502.9217,5.85
"100",3,200,25,258.5692,5.55
"45",0,175,25,376.6274,21.45
"2",0,100,10,250.2691,18.25
"211",6,150,5,499.5148,4.4
"154",6,100,20,263.5043,1.7
"65",0,150,25,490.9845,21.95
"162",6,150,10,262.3961,2.5
"57",0,125,10,495.3669,25.15
"66",0,175,5,507.6782,28.9
"44",0,175,20,363.6176,22.5
"101",3,100,5,374.6976,6.55
"131",3,125,5,490.8618,7.5
"175",6,200,25,257.8517,2.3
"216",6,175,5,492.001,4.6
"80",3,100,25,254.7302,4.7
"146",3,200,5,502.243,8.1
"33",0,125,15,374.7463,21.1
"82",3,125,10,257.5945,5.575890411
"47",0,200,10,374.0148,26.05
